doc_age_days,num_previous_transfers,num_linked_disputes,owner_change_frequency,has_court_involvement,monetary_value_normalized,num_owners_last_year,invalid_reference_count,fraud
406,7,1,4.47,1,0.3894,4,0,1
2714,1,0,1.55,0,0.5944,1,1,0
2270,1,0,2.11,0,0.5853,3,0,0
1026,1,0,2.25,0,0.2815,1,0,0
1724,6,0,1.62,1,0.5853,6,0,1
3208,7,1,2.96,1,0.3895,5,2,1
1816,2,2,2.5,0,0.432,6,1,1
2173,2,0,1.57,0,0.5323,3,0,0
1849,2,0,2.93,0,0.6972,3,0,0
1942,0,0,0.22,0,0.5635,2,1,0
1350,0,0,2.27,1,0.3287,3,0,0
2078,2,0,2.0,1,0.4126,5,0,0
3461,4,2,2.13,0,0.4892,1,0,1
1119,2,2,0.91,0,0.1246,3,0,1
3056,6,1,2.83,0,0.5905,4,2,0
644,5,0,0.92,0,0.468,5,0,0
1760,0,0,1.76,0,0.507,1,0,0
865,2,1,1.48,0,0.523,4,0,0
3413,7,2,1.65,1,0.3775,2,1,1
1656,3,0,1.05,1,0.1455,3,0,0
433,3,1,2.76,0,0.9158,4,0,1
2173,6,0,4.04,1,0.9728,3,0,1
3113,0,0,2.01,0,0.5707,3,0,0
2558,2,1,1.63,0,0.0698,2,0,0
303,4,1,1.53,1,0.5366,2,1,1
3243,0,0,2.11,0,0.2547,2,0,0
3429,2,2,0.22,0,0.0486,3,0,0
1527,2,0,2.01,0,0.0582,3,0,0
1163,4,2,3.63,1,0.9176,4,0,1
2687,4,0,2.61,0,0.5692,3,1,0
2807,6,0,3.68,1,0.3618,4,0,0
927,3,0,2.41,1,0.68,6,2,1
3138,5,0,1.72,0,0.7735,5,1,1
2770,7,1,2.91,0,0.8365,5,0,0
3420,2,0,3.26,1,0.4963,3,1,1
817,5,0,1.38,1,0.8056,5,2,1
343,3,1,4.48,0,0.6344,3,2,0
1623,5,0,1.74,0,0.3184,3,2,0
563,2,1,4.22,1,0.4402,5,1,1
3420,2,1,2.66,0,0.2334,3,0,0
2551,5,0,4.24,1,0.6984,6,1,0
1445,1,0,0.49,0,0.4021,2,0,0
2269,0,0,1.22,0,0.7362,2,0,0
2691,0,1,1.91,0,0.0524,3,0,0
2848,3,0,2.11,0,0.5866,2,0,0
1292,2,0,2.57,0,0.2049,3,0,0
1359,2,0,0.96,1,0.5626,2,0,0
3265,4,0,0.21,0,0.3343,1,0,0
1255,5,2,2.85,1,0.5785,2,2,1
2619,0,0,1.66,0,0.6048,3,0,0
1794,0,0,0.61,0,0.2844,3,0,0
1818,0,0,1.38,0,0.4942,1,1,0
2300,0,0,0.68,0,0.7473,2,0,0
303,5,0,3.83,1,0.8768,4,1,1
1228,3,2,4.55,1,0.8659,6,0,1
2023,1,0,2.25,0,0.8873,2,1,0
2944,3,0,2.0,1,0.0738,2,0,0
3596,6,2,2.02,1,0.6312,2,2,1
2905,1,0,2.45,1,0.6375,2,0,0
2516,5,0,2.43,1,0.5855,2,1,0
2308,2,2,1.5,0,0.7669,6,0,0
124,5,2,3.25,1,0.5464,3,2,0
245,2,0,2.01,0,0.605,3,1,0
1633,3,2,3.15,0,0.5071,2,0,1
1573,6,1,4.67,1,0.8788,6,2,1
1912,5,2,3.09,0,0.6056,5,3,0
2027,4,1,1.7,0,0.4118,1,0,0
1498,0,0,1.48,0,0.4239,1,0,0
2552,4,0,2.54,0,0.6003,2,0,0
1644,4,0,0.1,0,0.6069,3,0,0
2511,2,0,2.58,0,0.2384,2,0,0
1945,2,1,3.69,1,0.7294,2,1,1
2369,6,1,1.57,1,0.6908,6,2,1
2345,0,0,1.15,0,0.3215,1,0,0
3013,7,0,1.87,0,0.5613,5,1,1
1402,5,0,2.78,1,0.6325,3,1,1
921,4,2,3.8,1,0.6679,5,1,1
499,5,1,1.73,1,0.7638,2,0,0
1811,2,1,0.56,1,0.2179,3,0,0
993,0,0,1.38,0,0.0583,2,0,0
2254,2,0,3.22,1,0.5081,2,1,0
3148,0,0,0.6,0,0.6407,1,1,0
148,4,1,1.2,1,0.8042,3,1,1
1372,4,1,3.58,1,0.928,3,2,1
665,4,1,2.64,0,0.4028,3,0,1
1660,3,0,0.23,0,0.1549,1,0,1
1829,4,3,2.43,1,0.3574,4,1,1
1660,5,2,3.1,1,0.6677,3,0,0
1863,4,0,1.83,1,0.5729,3,1,0
3225,0,0,1.37,0,0.6896,1,0,0
613,1,0,1.35,0,0.1699,3,0,1
540,6,1,3.32,1,0.7873,4,2,1
2368,2,0,2.57,0,0.9962,2,3,0
554,4,0,3.11,0,0.8378,4,0,0
2676,2,0,2.58,0,0.113,1,1,0
2945,5,0,1.72,0,0.4955,2,0,0
3315,7,1,4.0,1,0.3602,3,0,1
3572,1,0,0.82,0,0.5548,1,0,0
2359,4,1,4.03,1,0.504,3,3,1
2280,6,2,4.5,1,0.6277,5,0,1
2148,2,0,1.06,0,0.1542,3,0,0
3300,5,3,3.31,1,0.7122,3,1,0
1842,4,0,3.86,0,0.5245,6,1,1
2966,5,0,1.26,1,0.3774,1,0,0
3089,3,2,1.81,0,0.3095,1,0,0
1471,4,1,3.14,1,0.4141,5,2,1
187,4,1,1.93,0,0.4239,3,0,1
1555,5,1,2.05,1,0.6636,3,1,1
1887,2,1,1.65,0,0.5599,2,2,1
138,2,3,3.67,1,0.6181,3,0,1
247,6,2,4.58,1,0.7785,2,0,1
1125,4,2,0.04,1,0.512,1,0,1
2156,3,1,1.42,0,0.4298,4,0,0
3391,0,0,2.23,1,0.0883,2,0,0
338,5,2,3.59,0,0.9853,2,2,1
2835,6,1,1.56,0,0.9516,6,1,1
848,4,0,2.13,1,0.6981,2,0,0
2214,4,1,3.92,1,0.7981,2,1,1
3435,1,0,2.78,1,0.4475,3,0,0
1457,4,2,1.12,0,0.5023,1,0,1
1097,3,1,4.07,0,0.6033,4,0,1
1104,1,0,1.21,0,0.5661,4,0,0
3213,4,2,1.44,1,0.8565,6,3,1
1559,2,0,1.51,0,0.1975,4,0,0
1010,3,0,0.51,0,0.2424,2,0,0
1371,3,1,2.23,1,0.1194,2,0,0
1631,2,0,1.81,0,0.4404,1,0,0
2309,3,1,3.26,1,0.7076,5,3,1
283,5,2,1.87,0,0.5142,3,2,1
1962,6,1,3.12,1,0.7996,6,0,1
2432,0,0,0.65,0,0.1414,3,0,0
3082,2,2,1.12,0,0.2089,3,0,0
1532,5,1,3.71,1,0.448,2,1,1
3405,7,0,2.46,1,0.4845,5,1,1
275,2,0,1.85,0,0.2704,1,0,0
714,5,0,2.21,1,0.3239,4,1,1
3020,4,1,1.17,0,0.0232,1,0,1
416,6,0,2.51,1,0.5205,5,1,1
2404,2,1,4.27,1,0.8789,4,3,1
977,2,0,0.97,0,0.3036,3,0,0
2840,2,1,2.02,0,0.3859,4,1,0
799,4,2,2.06,0,0.6635,4,1,1
3259,1,0,0.71,0,0.1428,2,0,0
2345,2,1,3.25,1,0.7023,2,2,1
3014,2,0,3.4,0,0.4114,1,0,0
3320,4,0,2.24,0,0.3326,3,0,1
1436,5,0,2.15,0,0.678,3,0,0
3338,2,0,3.95,1,0.3885,4,2,0
2913,2,1,1.98,0,0.3773,3,0,1
3254,0,0,1.95,0,0.6604,2,1,1
3001,2,2,2.96,1,0.5828,2,2,0
2026,4,1,2.36,1,0.4349,5,2,0
2564,4,0,3.21,0,0.4924,4,0,1
651,3,0,1.67,0,0.6484,2,0,0
1758,0,0,0.0,0,0.1169,1,0,1
493,3,0,1.24,0,0.0852,1,0,0
3331,1,0,1.76,0,0.4312,3,0,0
620,4,1,1.89,0,0.8224,2,1,1
1288,1,0,1.68,0,0.4587,3,0,0
2696,2,0,1.58,0,0.306,3,0,0
461,1,0,1.54,0,0.7337,2,1,0
1496,6,2,3.99,1,0.8507,2,1,1
3232,3,0,1.63,0,0.3233,3,0,0
342,4,0,4.53,1,0.451,4,1,1
270,4,2,3.88,1,0.3876,2,3,0
2728,1,0,1.84,0,0.1396,2,0,0
519,2,1,0.31,1,0.2646,2,0,0
315,5,1,2.62,1,0.7185,4,0,1
472,1,1,0.01,1,0.029,1,0,1
3512,0,0,2.38,0,0.3261,2,0,0
2341,4,0,3.69,0,0.4951,6,3,1
1156,3,0,2.19,0,0.3005,5,1,1
2020,2,1,2.18,1,0.2629,4,0,1
39,4,0,3.63,1,0.8227,2,0,1
583,7,1,1.55,0,0.8996,5,2,0
391,4,0,2.13,0,0.4345,2,0,0
3280,3,0,1.91,0,0.2185,1,1,0
432,2,0,1.55,0,0.4187,2,0,0
3307,3,1,2.58,0,0.7769,3,0,0
200,3,0,3.37,0,0.4533,4,0,1
3251,3,0,1.61,1,0.4945,3,2,0
2385,6,1,4.16,0,0.3919,5,2,1
501,2,3,1.57,1,0.6316,5,1,1
766,2,0,2.3,0,0.472,1,0,0
359,3,0,1.83,1,0.7479,2,1,0
3202,2,0,2.03,0,0.4329,2,0,0
3320,4,0,4.77,1,0.8484,3,3,0
3343,0,1,2.46,0,0.7373,2,0,0
2426,2,1,1.81,1,0.0406,3,0,1
3427,4,1,1.17,0,0.1921,5,0,1
825,2,0,1.18,1,0.8012,1,0,0
3467,4,1,2.5,0,0.7076,2,0,0
2999,3,1,2.5,0,0.1472,3,0,0
2412,3,1,3.9,0,0.4655,2,3,1
2324,1,0,1.56,1,0.6085,5,0,1
1420,4,0,4.41,0,0.8108,4,1,0
1051,1,1,0.83,0,0.4647,2,1,0
415,3,1,1.5,1,0.1847,2,0,1
428,2,1,4.42,0,0.3988,2,1,0
1766,7,0,4.43,0,0.4158,3,3,0
2212,4,2,2.41,0,0.6054,6,2,1
1206,7,2,3.03,0,0.4845,4,3,1
1928,5,2,2.3,1,0.6019,4,2,1
1904,2,0,0.7,0,0.5691,3,0,0
3098,5,0,0.86,0,0.5419,5,1,1
1224,0,0,2.22,0,0.437,3,1,0
3101,4,0,3.36,1,0.7563,2,0,0
3369,1,1,0.67,1,0.6873,1,0,0
2128,4,2,0.73,1,0.5907,4,0,1
410,2,1,1.74,0,0.6982,4,2,1
1937,0,0,1.05,0,0.517,2,0,0
3054,5,3,4.45,0,0.8813,4,1,1
3559,2,0,3.33,0,0.7694,3,1,1
3374,4,1,2.75,1,0.7658,5,1,1
3196,6,2,1.5,0,0.8914,2,0,0
1122,4,2,3.12,1,0.4305,2,0,1
1943,5,1,1.63,1,0.344,1,0,1
877,3,2,3.7,0,0.6162,2,2,1
541,1,0,0.02,0,0.6077,2,0,0
3488,2,0,0.57,0,0.4001,3,0,0
3454,4,1,3.42,0,0.7949,5,0,1
1069,3,0,2.1,0,0.1926,5,0,1
2037,3,0,1.83,0,0.1765,5,1,0
2614,5,3,3.68,1,0.8995,6,0,1
3310,4,1,0.48,0,0.265,1,0,0
3632,3,0,2.28,0,0.2383,1,1,1
3643,2,1,3.04,0,0.3738,1,1,0
2332,5,0,4.33,0,0.4025,4,1,0
1120,1,1,0.44,1,0.3774,1,0,0
1955,5,0,3.21,1,0.9675,4,2,0
3004,1,0,2.28,0,0.095,3,0,0
1191,3,1,1.55,0,0.6682,1,0,0
3325,4,0,1.31,1,0.3084,1,0,0
153,5,2,2.27,1,0.3816,2,1,1
1707,3,0,1.42,0,0.1318,3,0,0
2131,2,0,1.82,0,0.676,3,0,0
813,6,0,2.29,1,0.4811,5,0,0
1968,2,0,0.03,0,0.1006,3,0,0
2963,1,2,2.44,0,0.883,3,0,1
1190,3,1,1.54,1,0.2212,1,0,0
1792,5,0,2.68,0,0.407,1,0,0
3484,4,1,2.45,1,0.2348,1,2,1
1977,5,1,1.19,0,0.4189,1,1,1
1978,5,0,2.8,0,0.52,4,0,0
2964,4,0,2.48,1,0.3989,3,0,0
1416,7,2,2.71,1,0.7129,6,0,1
3489,3,1,0.19,0,0.1959,2,0,0
962,1,0,2.86,0,0.7924,4,0,1
1652,5,0,3.27,1,0.8647,6,1,1
1868,2,0,0.14,0,0.3518,3,0,0
1853,0,0,1.71,0,0.2793,3,1,0
187,3,1,4.19,1,0.616,4,1,1
1872,1,0,0.28,0,0.6964,3,0,0
2065,2,2,0.71,1,0.5649,4,1,1
725,7,1,3.88,0,0.6018,6,1,1
2494,7,2,2.33,1,0.9808,5,2,1
2098,2,1,1.42,0,0.5579,3,0,0
1414,1,2,1.69,1,0.3878,3,0,0
2387,4,2,1.85,0,0.6725,3,0,0
103,5,0,3.68,0,0.8376,3,3,0
3212,4,1,3.24,1,0.6442,6,2,1
2298,5,1,4.07,1,0.537,2,3,0
1280,4,0,1.93,0,0.6543,2,1,0
3092,4,0,1.57,1,0.7239,2,0,1
3010,6,0,1.54,0,0.5218,3,1,0
634,2,0,2.5,0,0.956,6,2,0
298,3,1,3.28,0,0.7397,2,0,1
873,7,1,2.63,0,0.8392,6,1,1
469,7,1,2.22,1,0.9471,3,3,1
464,3,0,1.88,0,0.3973,2,0,0
2668,3,1,1.68,0,0.9816,6,1,1
873,3,1,0.53,1,0.6614,3,0,0
629,2,1,2.53,0,0.3853,4,1,1
1589,5,2,2.87,0,0.7876,6,0,1
186,0,0,1.31,0,0.5207,3,0,0
2706,0,0,1.39,0,0.3054,3,0,0
3256,2,2,0.03,1,0.1232,1,0,0
1248,2,1,3.14,0,0.4595,5,0,0
469,1,0,1.47,0,0.5683,3,0,1
402,2,1,2.02,0,0.2462,2,0,0
1845,4,2,2.44,1,0.7176,4,2,1
3218,1,0,1.67,0,0.2824,3,0,0
1251,5,1,2.0,1,0.8972,3,2,1
2979,0,1,2.21,0,0.6132,3,0,0
2226,5,0,2.79,0,0.3175,5,1,1
1625,4,1,3.65,1,0.8743,6,1,1
2319,6,2,4.69,1,0.6643,4,0,1
958,0,0,1.35,1,0.3033,2,1,0
2135,3,1,1.41,0,0.2804,4,0,0
1541,1,0,0.92,1,0.3754,2,1,0
942,0,0,0.73,0,0.1349,3,0,0
2950,2,1,3.03,0,0.4548,5,0,0
2578,6,0,3.35,0,0.5179,3,1,0
3598,2,2,0.56,0,0.3641,2,0,0
3360,3,2,3.14,0,0.7956,5,1,1
67,2,1,3.16,1,0.7699,5,0,0
3210,5,1,1.02,0,0.2477,5,0,0
1767,4,0,2.27,0,0.3331,2,0,0
3119,4,0,0.35,0,0.1897,1,0,0
2904,7,2,3.37,0,0.3547,3,1,1
2668,6,1,4.31,1,0.5877,4,3,1
2283,4,0,2.21,0,0.8914,5,0,0
2700,2,2,2.92,1,0.4552,3,1,0
2803,1,0,3.3,0,0.2183,2,0,0
1518,0,0,1.88,1,0.3125,3,0,0
3359,1,0,1.14,0,0.4995,3,0,0
948,4,0,0.09,0,0.0202,1,0,0
1660,6,1,1.45,1,0.9475,6,0,1
3340,4,1,4.67,1,0.6126,2,0,0
1205,4,3,4.13,1,0.9195,6,0,1
996,4,3,2.96,1,0.7314,2,1,1
902,1,1,1.07,0,0.411,3,1,1
3363,2,0,2.42,0,0.2781,3,0,0
2043,1,0,0.63,0,0.1873,1,1,0
321,7,3,3.08,0,0.9071,2,2,1
3608,6,2,3.07,1,0.9454,4,1,1
1733,4,2,0.79,0,0.7953,2,0,0
34,1,1,1.72,0,0.4212,3,0,0
1405,2,0,1.1,0,0.5691,2,1,0
2358,7,1,1.74,0,0.5033,5,2,1
1937,2,0,3.1,1,0.9021,6,1,1
3516,6,0,1.74,0,0.4901,4,1,1
1478,4,1,4.57,0,0.3629,2,1,1
2661,7,1,4.73,0,0.5613,6,1,1
1173,3,0,0.38,0,0.6096,2,0,0
324,3,1,2.47,1,0.8118,6,1,1
1487,4,0,1.17,0,0.6436,1,0,0
327,3,0,1.75,0,0.9211,6,0,0
425,4,2,1.69,1,0.6034,3,0,0
3434,3,0,3.66,1,0.5614,5,1,1
553,7,1,3.41,1,0.8368,6,1,1
1972,4,0,0.23,0,0.3209,1,0,0
1408,4,1,1.43,1,0.9655,5,0,1
3263,0,0,0.49,1,0.3391,1,0,0
1077,2,1,2.21,1,0.9415,4,0,1
3495,2,0,2.38,1,0.7515,4,2,1
2191,0,0,0.27,0,0.5421,3,0,1
1721,4,2,3.09,1,0.803,2,1,1
3177,4,0,1.97,0,0.7812,4,1,0
3158,3,0,2.59,0,0.5568,1,0,0
1278,4,0,3.88,1,0.7072,2,0,1
3537,1,2,0.61,0,0.031,2,0,0
2380,3,0,0.4,1,0.2016,2,0,0
2560,0,0,1.68,0,0.5978,1,0,0
1422,3,1,0.06,0,0.5488,2,1,0
2855,5,0,2.03,0,0.8261,4,2,0
2175,3,1,4.19,1,0.6452,6,1,1
3178,4,0,1.87,0,0.4134,2,0,0
1159,4,1,2.49,0,0.7783,2,2,0
1988,2,0,2.24,1,0.6434,5,1,1
2940,2,0,4.53,1,0.9535,2,1,1
3647,4,1,2.84,0,0.6127,5,0,1
2127,2,0,2.19,1,0.4755,3,1,0
3056,0,1,1.5,0,0.5329,2,1,1
1382,7,0,4.79,1,0.579,4,1,1
2593,3,1,0.84,0,0.4183,2,0,0
1832,5,0,1.52,0,0.3606,3,3,0
3505,2,0,2.14,0,0.2214,3,0,0
1885,2,0,0.69,1,0.2024,2,1,0
3007,1,1,2.84,0,0.7693,5,1,1
3310,6,1,4.05,1,0.5674,5,1,1
2673,4,2,1.65,0,0.0595,3,0,1
904,2,0,2.68,0,0.4842,5,0,0
606,2,0,1.98,1,0.5611,3,0,0
552,4,1,2.02,1,0.2971,5,2,1
1761,3,1,2.26,0,0.4602,3,0,1
1248,1,2,1.6,1,0.3428,1,0,1
638,7,2,1.78,0,0.9668,3,2,1
455,2,0,0.06,0,0.4127,1,0,0
578,7,2,1.46,1,0.7813,2,0,1
1111,1,0,3.25,0,0.6453,3,1,0
946,5,1,3.81,1,0.665,6,1,1
2918,2,0,4.54,0,0.6685,3,0,0
2053,4,2,3.53,1,0.9288,2,3,1
1609,1,0,0.99,1,0.4671,3,0,0
1279,4,0,1.41,0,0.1212,3,0,0
2145,3,1,4.49,1,0.7766,6,3,1
484,1,0,2.29,0,0.5788,2,1,0
2608,2,0,0.49,0,0.0391,3,0,0
945,7,0,1.67,1,0.4372,6,1,1
1940,3,0,2.17,1,0.9797,4,3,0
837,0,0,2.48,0,0.4705,3,0,0
171,4,1,0.99,0,0.4664,3,0,0
157,5,0,1.93,1,0.8083,2,0,0
2114,1,0,1.89,1,0.7303,3,0,1
2117,1,0,1.68,0,0.3855,1,0,0
1693,2,0,0.47,0,0.5402,1,1,0
2914,2,1,1.03,0,0.487,3,0,0
2507,3,1,2.69,1,0.943,6,2,1
3150,7,0,2.45,1,0.9746,4,1,1
2550,4,0,3.09,1,0.8748,6,2,1
1679,4,0,2.32,0,0.5605,5,1,1
225,2,0,2.22,0,0.6318,2,0,0
660,3,1,2.57,1,0.7405,2,2,0
3147,2,0,2.33,1,0.5737,3,0,0
1348,4,0,0.55,0,0.0625,3,0,0
2820,5,2,3.36,0,0.6066,3,0,0
2516,5,0,2.67,0,0.756,5,0,0
1904,7,2,3.91,0,0.75,5,1,1
46,2,1,1.39,0,0.3752,5,0,0
2967,5,1,0.78,0,0.3979,3,2,0
556,3,0,1.2,1,0.674,2,0,0
1226,5,1,1.55,0,0.3062,3,1,1
1148,2,1,2.68,1,0.4579,6,1,1
2888,4,2,2.32,0,0.9201,4,1,1
459,2,1,2.02,1,0.344,1,0,1
1980,4,0,0.85,1,0.0917,3,0,0
2923,5,0,1.54,0,0.7861,1,0,0
3053,4,0,3.98,1,0.4864,3,0,0
481,2,0,0.71,0,0.4747,3,0,0
2885,4,1,1.98,0,0.93,6,1,1
433,5,0,2.85,0,0.7375,6,1,1
1361,3,2,3.68,1,0.9829,5,1,1
398,3,0,1.68,1,0.3635,1,0,0
751,2,1,2.29,0,0.0421,2,0,0
1427,4,0,1.32,0,0.5414,1,0,0
1641,4,0,1.61,0,0.7309,2,0,0
1783,5,1,2.17,0,0.647,1,1,0
2441,5,1,1.73,1,0.5502,5,0,0
1552,2,0,1.72,0,0.6164,3,1,1
611,4,1,1.75,1,0.2967,3,0,0
1780,7,3,2.57,0,0.3553,6,1,1
2248,0,0,1.46,1,0.1001,2,1,0
1303,7,1,2.7,1,0.7806,5,0,1
1708,2,0,3.06,0,0.1587,1,0,0
556,0,0,2.1,1,0.6723,3,0,0
2261,5,1,2.17,1,0.3548,5,2,1
2237,4,0,2.54,0,0.5346,1,0,0
2156,4,1,1.67,1,0.4075,5,1,1
2208,6,1,1.58,0,0.856,5,1,1
1445,2,0,0.09,1,0.5671,3,0,0
2346,1,1,1.49,1,0.1705,4,0,0
542,4,0,2.23,0,0.1014,1,1,0
718,4,2,2.2,0,0.6928,2,1,1
631,4,1,1.81,0,0.6455,2,0,0
3094,0,0,1.21,0,0.3677,3,0,0
2172,3,0,2.41,0,0.5153,3,0,0
3458,5,2,3.62,0,0.5257,2,0,1
990,5,1,2.1,1,0.8949,3,0,1
400,6,0,2.92,0,0.5341,3,0,0
3422,3,3,3.57,1,0.428,6,0,1
756,2,2,2.26,1,0.9585,5,3,1
3153,3,0,2.81,0,0.1968,4,0,0
1804,2,1,4.56,1,0.466,5,0,1
435,5,2,1.75,0,0.7214,4,2,1
3,1,1,1.42,1,0.8285,5,0,0
1654,7,2,4.07,1,0.3521,5,0,0
1240,4,0,3.39,1,0.424,3,0,0
723,6,0,2.71,0,0.8023,2,1,1
3011,2,0,1.22,1,0.5947,4,0,0
3417,5,3,1.46,0,0.5695,2,1,0
2777,6,0,3.37,1,0.374,3,1,0
994,2,0,2.41,1,0.7656,1,0,0
435,0,0,2.08,0,0.6073,2,0,0
494,4,0,0.84,1,0.1757,1,0,0
1700,3,2,3.28,1,0.9517,2,0,1
646,2,2,1.67,0,0.952,6,2,1
2835,2,0,2.43,0,0.459,2,1,0
360,7,2,2.42,1,0.7125,3,0,1
3117,4,0,1.21,0,0.1719,1,0,0
1943,3,0,1.74,0,0.4907,2,0,0
1856,0,0,0.14,0,0.1354,1,0,0
2427,4,0,0.52,0,0.2578,1,0,0
1538,1,0,1.52,0,0.3382,1,1,0
2948,2,1,3.33,0,0.2454,5,0,0
701,2,0,0.77,0,0.6,3,1,0
1686,4,0,2.59,0,0.631,2,0,0
1778,6,1,4.55,1,0.9439,2,1,0
2065,2,1,2.74,1,0.8028,2,1,1
2997,3,2,0.35,0,0.4928,1,0,0
2336,5,0,1.93,1,0.8056,4,0,1
5,1,0,2.57,0,0.3724,3,1,0
2804,1,1,1.61,1,0.5361,3,1,1
1497,2,0,1.45,0,0.5378,1,0,0
3020,5,1,2.6,1,0.7207,3,0,0
259,4,1,3.05,1,0.4298,6,1,1
3276,1,0,3.09,0,0.443,2,0,0
2855,3,1,4.37,1,0.7577,4,1,1
1720,5,2,1.47,0,0.3643,3,2,1
2685,7,2,3.05,1,0.6946,6,1,1
703,3,0,1.7,0,0.7841,2,0,0
2915,4,0,2.53,1,0.5258,3,0,0
2353,1,0,0.96,0,0.5362,3,0,0
665,6,1,4.53,1,0.6746,3,3,1
2237,6,1,3.8,1,0.5384,6,1,1
1387,7,0,3.03,0,0.7907,2,1,0
378,3,0,2.43,1,0.3166,3,0,0
357,6,1,3.07,1,0.6825,2,3,1
1514,4,0,1.47,0,0.8831,5,0,0
3291,4,0,2.88,1,0.4679,4,0,1
1944,4,2,0.17,1,0.572,1,0,1
1892,4,1,0.36,0,0.2987,3,0,1
2023,5,1,1.31,1,0.2655,3,2,1
1178,3,0,2.36,0,0.0408,2,0,0
1968,4,0,0.67,0,0.7312,1,0,1
2382,2,0,2.97,1,0.5823,2,0,0
1187,3,1,3.23,0,0.7248,2,1,1
1295,2,0,1.81,0,0.4101,2,1,0
1986,4,0,3.16,0,0.2659,2,1,1
2153,4,0,1.83,1,0.3247,1,0,1
2830,3,0,1.89,1,0.5423,3,0,0
527,1,0,0.8,0,0.7362,2,0,0
3102,4,0,0.99,1,0.5351,1,0,1
42,1,1,3.18,0,0.8259,2,1,1
1136,4,0,0.42,0,0.5518,1,0,0
2166,3,2,4.68,0,0.8401,2,3,1
2898,3,0,1.53,0,0.7192,1,1,0
1669,1,1,1.55,0,0.5398,4,1,0
1343,3,0,0.74,0,0.2478,2,0,0
3509,1,1,2.87,1,0.4256,1,2,1
2697,0,0,1.03,0,0.7336,3,1,1
1387,1,0,2.58,0,0.6318,3,0,0
3097,7,3,2.61,1,0.9676,5,1,1
2004,4,0,3.24,0,0.7033,1,0,0
1339,3,1,3.52,1,0.7797,6,2,1
2008,6,1,2.57,1,0.7053,2,3,1
3493,3,0,0.09,0,0.5014,2,1,0
1593,3,1,1.48,0,0.4243,3,0,0
1603,2,0,2.52,0,0.2775,2,0,1
1428,5,0,3.11,0,0.223,3,2,1
961,7,1,1.69,1,0.9148,2,1,1
3536,3,0,2.34,0,0.528,3,0,0
400,5,0,3.7,0,0.6768,4,0,0
2602,2,2,3.22,0,0.3809,6,1,1
3457,6,0,2.55,0,0.8708,5,1,1
2067,4,1,3.24,0,0.6115,6,1,1
2571,7,1,2.03,1,0.7795,5,0,1
1776,4,0,0.16,0,0.3576,1,0,0
1305,0,0,2.2,0,0.2295,1,0,0
786,0,0,2.15,0,0.4287,2,0,0
119,2,1,0.72,0,0.4903,1,1,1
343,4,2,4.35,1,0.6146,4,1,1
3451,2,0,2.24,0,0.2405,5,2,1
975,4,0,2.1,0,0.4466,2,1,0
437,3,1,2.33,1,0.9109,2,1,0
1735,5,2,4.68,1,0.959,4,1,1
2481,0,1,1.72,1,0.5242,3,0,0
1486,1,1,1.34,0,0.1559,4,2,1
3099,3,1,4.32,0,0.6352,4,2,0
3548,0,1,2.45,0,0.3215,2,0,0
2860,4,1,2.6,1,0.8787,4,1,1
2581,5,2,1.86,1,0.7584,4,1,1
3144,1,1,1.78,1,0.2532,2,1,1
1341,2,0,1.08,0,0.6598,3,0,0
2566,1,1,2.53,0,0.5319,1,0,0
1507,3,3,1.8,1,0.6329,5,2,1
3530,4,1,3.08,0,0.9066,6,0,1
738,4,1,0.78,1,0.3266,4,2,1
42,5,0,2.5,1,0.7965,5,2,1
240,0,0,0.61,1,0.7476,3,1,1
1038,6,2,2.43,1,0.5911,6,0,1
1389,5,0,2.48,1,0.4422,2,1,1
1150,2,2,0.74,1,0.4674,2,0,1
2012,3,1,4.54,1,0.636,3,0,1
2891,5,1,4.78,1,0.3765,4,3,1
2948,2,0,0.95,1,0.2855,2,1,0
869,4,2,0.01,1,0.1518,1,0,1
1164,7,3,1.81,1,0.9539,2,2,1
2701,5,1,4.65,1,0.3538,2,1,1
3007,4,0,2.24,1,0.2266,1,0,0
1045,2,0,2.78,0,0.1654,2,0,0
2679,1,0,1.28,0,0.6086,2,1,0
1505,5,0,1.9,0,0.3514,5,0,0
1778,3,0,1.33,1,0.5138,3,0,0
2149,2,1,2.89,1,0.6604,3,3,1
1751,4,1,3.27,1,0.6837,6,1,1
1037,2,0,0.21,0,0.1032,3,0,1
1704,7,1,3.4,1,0.7857,6,2,1
864,3,0,4.74,0,0.7877,5,1,1
1954,5,2,4.35,1,0.7412,5,1,1
2827,7,1,2.43,0,0.359,2,2,0
1970,2,1,1.88,1,0.7425,2,0,1
477,3,3,3.91,1,0.6653,2,2,1
3415,5,0,1.43,1,0.8135,5,2,1
1191,0,0,1.26,0,0.4664,3,1,1
77,5,1,3.28,0,0.7714,5,0,1
1786,1,0,2.66,0,0.4786,5,0,0
3450,4,0,1.49,1,0.8699,3,1,0
1156,1,1,1.05,0,0.6043,1,1,1
2280,2,3,2.62,0,0.79,3,2,0
1763,0,0,0.31,0,0.2082,2,0,0
619,7,2,3.45,0,0.3828,5,2,1
3201,6,2,4.32,0,0.7156,6,0,1
643,2,0,1.98,0,0.6555,1,0,0
1798,5,2,1.42,1,0.6579,4,1,1
1477,1,0,1.96,0,0.1866,2,0,0
3254,3,2,1.89,1,0.6882,5,2,1
673,4,0,2.75,1,0.6311,5,0,0
2129,3,0,3.09,1,0.8052,3,2,1
601,3,0,0.53,0,0.5955,3,0,0
3176,3,2,1.69,1,0.6035,3,1,1
1278,4,0,1.65,0,0.6699,3,0,0
2069,0,1,2.19,0,0.3905,1,0,0
3018,2,1,4.74,1,0.9929,6,2,1
957,2,0,1.73,1,0.4381,1,0,0
2385,3,2,2.63,0,0.8126,5,0,0
1827,2,1,3.19,1,0.6873,5,2,1
2822,3,1,1.08,0,0.3892,2,0,0
483,1,0,0.08,0,0.4281,1,0,0
164,6,0,2.66,1,0.5471,5,0,0
1249,2,0,2.13,0,0.1093,2,0,0
1852,4,2,3.02,1,0.7437,3,1,1
3548,3,0,2.39,1,0.4404,4,0,0
1136,7,0,1.96,0,0.7596,4,1,0
2534,6,1,1.58,1,0.4731,5,1,1
77,4,2,2.23,1,0.927,5,0,1
2013,1,0,1.19,0,0.5459,4,0,0
589,3,1,1.7,0,0.6147,3,0,0
1220,3,0,0.37,1,0.2083,1,0,0
2083,4,0,0.3,0,0.3593,2,0,0
76,4,1,3.39,0,0.8459,3,1,1
833,1,0,2.56,1,0.4124,2,1,1
3397,5,0,3.32,0,0.8501,4,0,0
3450,2,1,2.08,0,0.7044,5,0,0
2969,5,2,3.07,0,0.5286,3,1,1
2898,4,0,2.49,0,0.308,5,0,1
2493,5,0,1.43,0,0.7113,5,2,0
317,4,0,2.16,0,0.5107,2,1,0
3437,7,3,1.82,1,0.4754,2,0,1
1465,1,0,1.59,0,0.544,1,1,1
2883,4,0,0.51,1,0.3091,2,0,0
2317,4,0,0.17,0,0.0675,2,1,0
1123,1,1,0.06,1,0.5147,3,0,0
2625,0,1,0.84,1,0.317,1,0,0
3620,2,0,3.18,0,0.3872,4,0,1
3020,3,3,2.84,0,0.5125,3,1,1
1769,0,0,1.63,0,0.2028,1,0,0
2128,1,2,2.02,0,0.5778,3,0,0
1545,3,1,2.57,1,0.1965,4,0,1
228,6,0,4.29,1,0.7512,5,0,0
1572,5,2,4.39,1,0.5708,2,1,1
2437,1,1,2.97,1,0.2445,5,0,0
995,1,1,0.16,0,0.3382,3,0,0
603,3,0,0.89,0,0.0259,3,0,0
2291,0,0,0.51,0,0.6832,1,0,0
2456,2,1,1.47,0,0.2387,2,0,1
898,0,0,1.8,0,0.1756,2,0,0
840,3,0,2.57,0,0.0738,1,0,0
3135,3,0,0.78,0,0.2806,3,1,0
88,1,1,2.37,0,0.5145,2,0,0
1868,3,1,2.67,0,0.6925,6,2,1
535,2,0,1.72,0,0.5997,2,2,0
1204,3,1,1.58,1,0.9174,6,3,1
1927,4,0,1.32,1,0.4909,3,0,0
2152,7,1,4.65,1,0.7278,6,1,1
960,4,0,1.85,0,0.2679,3,0,0
2125,4,1,1.54,1,0.5686,5,1,1
1566,1,0,1.33,1,0.4193,1,0,1
1132,2,0,0.89,0,0.3002,2,1,0
3462,3,0,2.33,0,0.7912,5,2,0
3207,3,2,2.14,1,0.0287,3,0,1
929,1,0,1.34,1,0.5731,3,1,1
1756,7,1,2.89,1,0.3696,3,1,1
3319,3,0,1.83,1,0.4525,5,0,1
569,3,3,4.78,1,0.8694,6,1,1
260,5,0,1.98,0,0.8715,3,0,1
2822,4,0,0.49,0,0.723,2,0,0
1509,6,0,2.51,1,0.6042,2,0,0
3545,1,0,0.53,0,0.5381,2,0,0
2935,3,0,0.02,0,0.0667,2,0,0
2010,4,0,0.81,0,0.6347,4,0,0
3372,1,0,0.47,0,0.3354,2,1,0
178,3,2,1.94,1,0.6995,2,1,1
3120,4,0,0.96,1,0.3882,2,0,1
109,2,2,3.7,1,0.5734,5,2,1
559,3,1,1.95,0,0.2119,2,1,0
660,3,2,3.46,0,0.4307,5,0,1
1804,2,0,1.86,1,0.4086,2,0,0
2934,1,0,1.53,0,0.1535,4,1,1
374,1,0,3.37,0,0.2941,1,0,0
687,2,0,2.08,1,0.392,2,1,1
951,3,0,2.5,0,0.7751,2,1,0
2662,6,1,1.63,0,0.546,6,1,1
3483,4,0,2.49,0,0.7364,3,0,0
718,3,2,2.5,0,0.1632,5,0,0
2886,1,0,2.36,1,0.3816,4,1,1
1214,3,0,2.09,0,0.9502,6,3,0
1300,7,2,1.53,1,0.6197,4,2,1
843,4,0,2.39,1,0.6051,3,0,0
1811,0,0,1.28,1,0.058,1,1,0
3257,3,1,1.67,1,0.5525,3,0,0
1836,1,0,2.03,0,0.73,2,0,0
1775,1,1,2.06,0,0.2984,1,0,0
2976,1,0,1.21,0,0.2939,3,0,0
776,0,0,1.3,0,0.3788,2,1,0
2625,5,0,3.09,1,0.2434,5,0,0
3078,3,1,2.02,1,0.6723,4,2,0
3330,2,0,1.76,0,0.4911,2,0,0
2368,1,0,2.0,0,0.6893,2,0,0
3588,5,0,2.85,1,0.6754,6,1,1
3589,7,2,1.77,1,0.8684,3,0,0
26,2,1,0.7,0,0.6722,5,0,0
763,7,0,3.05,1,0.4217,6,2,1
3109,3,1,4.47,1,0.7574,6,0,1
510,4,0,1.5,0,0.6654,2,0,0
3232,2,0,3.18,0,0.7419,4,3,1
1518,7,2,4.8,1,0.9616,5,1,1
410,2,1,3.77,1,0.9272,3,0,0
3077,2,0,2.37,1,0.5064,4,1,0
1319,1,1,3.06,1,0.7019,4,0,1
1426,5,3,4.6,1,0.7779,2,2,1
2130,6,2,3.84,0,0.6737,2,1,1
688,5,3,3.04,1,0.5082,3,2,1
2931,0,0,2.42,1,0.5794,1,0,0
2725,1,2,1.65,0,0.6007,2,1,0
2637,2,0,1.87,0,0.2986,3,0,0
1061,2,1,1.78,0,0.7349,3,2,0
1557,5,1,1.54,1,0.2924,4,2,1
3262,1,0,1.56,0,0.3086,3,1,0
896,3,0,0.38,0,0.5654,3,0,0
1120,7,1,3.55,0,0.5395,5,0,1
3473,7,3,2.17,1,0.9501,3,2,1
3475,3,3,3.26,0,0.7906,4,2,1
2852,2,1,2.18,0,0.3926,5,1,0
2681,2,1,1.89,0,0.8229,2,0,1
2973,4,0,2.04,1,0.2949,2,0,0
1940,1,2,0.31,0,0.2671,2,1,0
986,4,0,2.56,1,0.6396,4,1,1
1899,3,0,1.7,0,0.1076,1,0,0
2403,4,2,1.25,0,0.089,3,0,0
2340,1,0,0.17,1,0.6005,1,0,0
3209,6,1,3.16,1,0.8139,2,2,1
3530,6,2,1.42,1,0.5543,2,0,1
3487,1,0,1.04,0,0.8747,2,0,1
2127,4,2,2.91,1,0.8018,6,3,1
2817,2,2,1.55,0,0.4421,3,3,1
526,7,2,1.65,0,0.5982,3,1,1
2844,1,0,0.18,0,0.7466,3,0,0
2094,4,0,2.14,0,0.5951,2,0,0
450,7,1,1.62,1,0.5858,4,2,1
401,4,2,1.3,1,0.7371,1,0,1
2005,2,1,3.78,1,0.7085,6,0,1
740,4,2,3.7,1,0.7086,5,1,1
636,1,0,1.48,0,0.6905,3,1,0
2894,4,0,3.36,1,0.5267,3,2,1
937,4,2,1.7,0,0.8509,2,1,1
2356,1,0,1.47,1,0.7563,1,2,0
1964,3,0,2.59,1,0.5295,2,0,1
1740,4,1,0.63,0,0.7141,3,0,0
3612,4,1,0.45,0,0.1173,2,1,1
463,4,3,2.25,1,0.8482,2,0,0
2585,6,1,4.54,1,0.9734,6,2,1
1999,0,0,1.6,0,0.2783,1,0,1
1764,5,0,3.2,1,0.617,5,0,1
1533,2,0,2.32,0,0.2167,2,0,0
23,4,2,3.81,0,0.5352,3,1,1
815,5,3,4.74,0,0.6679,5,2,1
3611,4,1,3.19,1,0.4416,1,2,1
55,2,0,2.94,0,0.5978,1,0,0
1014,4,0,1.33,0,0.5797,2,1,0
2893,0,0,1.31,0,0.7446,3,0,0
1121,3,3,2.85,1,0.4091,2,1,0
908,3,0,0.87,0,0.1887,1,0,0
1310,1,0,0.7,1,0.3912,3,0,0
2012,4,1,1.78,1,0.7939,3,1,1
2166,6,1,3.61,0,0.5996,2,0,1
3621,2,0,1.9,0,0.8564,5,0,0
2952,2,0,1.22,1,0.3394,5,2,1
1786,0,0,1.36,1,0.5973,1,0,1
2319,0,1,1.8,0,0.3102,3,0,0
2086,5,1,2.73,1,0.4845,2,0,0
3238,6,1,3.81,1,0.5472,3,0,1
2185,3,1,3.57,1,0.5305,3,0,0
3372,1,0,0.0,0,0.4618,2,0,0
547,4,1,1.5,1,0.6195,1,1,0
64,6,2,4.35,1,0.7291,5,3,1
844,4,0,1.43,1,0.7558,4,0,0
1962,2,1,2.96,1,0.4645,6,1,0
667,1,1,1.79,0,0.1248,2,0,0
2157,3,2,4.15,1,0.5956,2,0,0
541,2,1,1.42,1,0.5997,1,2,0
2897,0,0,1.25,0,0.3444,1,0,0
1095,4,0,2.14,0,0.2366,3,1,1
928,4,0,1.65,0,0.8413,4,1,0
451,2,0,3.28,0,0.6118,1,0,1
618,1,0,0.87,0,0.3304,3,0,0
1110,5,2,4.57,1,0.8123,2,2,0
600,4,0,2.92,1,0.9846,2,0,0
1323,2,0,1.74,0,0.4679,4,1,1
1007,3,0,1.29,0,0.4087,1,0,0
2840,7,1,1.7,1,0.4821,2,1,1
1430,3,1,3.04,1,0.371,2,1,0
863,3,0,1.87,1,0.8076,5,2,0
434,5,0,2.96,1,0.1726,3,0,1
1705,1,1,1.22,0,0.405,2,0,0
54,4,0,1.6,1,0.7427,3,1,0
3587,5,1,4.22,1,0.6762,3,1,0
512,1,0,0.15,0,0.6204,3,0,0
2673,4,1,1.15,1,0.635,2,0,0
1374,1,0,1.14,0,0.3089,1,1,0
132,3,1,4.72,1,0.7164,5,0,1
1460,3,2,2.05,0,0.443,3,2,1
3036,6,0,4.15,0,0.7317,5,1,1
2795,5,0,3.53,1,0.5005,3,2,1
2054,4,2,1.58,0,0.5811,2,0,0
1764,2,2,4.03,1,0.4857,6,1,1
398,1,0,3.05,0,0.8767,1,0,0
279,4,1,2.6,0,0.8119,5,0,1
2663,2,2,3.32,0,0.4226,3,0,0
1502,6,2,4.64,1,0.7934,6,1,1
2637,0,1,0.64,1,0.0258,1,0,1
1590,3,0,0.91,0,0.4106,2,0,0
1625,4,0,1.59,0,0.8973,4,0,1
2232,3,3,1.89,0,0.7193,6,2,0
1939,2,0,3.04,1,0.6628,3,0,0
334,2,1,1.17,0,0.1763,2,0,0
3085,3,0,1.64,0,0.5066,2,2,0
3371,0,0,2.32,0,0.5476,3,0,0
3042,3,0,3.12,1,0.5246,3,0,0
15,4,2,3.01,1,0.6292,5,0,0
2236,2,1,1.28,0,0.2934,5,2,1
1257,4,1,0.32,0,0.7493,2,0,0
3133,2,0,0.46,0,0.1491,3,0,0
2786,5,2,3.79,1,0.9388,2,3,1
2524,4,0,2.72,1,0.5586,4,0,0
867,1,1,1.43,0,0.6451,1,0,0
2641,7,2,2.75,1,0.8584,6,0,1
3256,3,0,0.01,1,0.0439,1,0,0
2457,4,1,4.66,1,0.5072,5,0,1
2366,5,0,3.56,1,0.4629,4,1,1
2065,2,2,4.07,1,0.7578,4,2,1
105,4,0,2.78,0,0.6136,5,2,1
534,5,2,4.04,0,0.7741,3,0,1
3219,5,2,3.64,0,0.9577,2,1,1
2440,2,0,2.36,1,0.4103,5,2,1
3258,1,0,2.01,1,0.3077,4,0,0
736,2,0,0.46,0,0.4629,1,0,0
2457,5,0,2.11,0,0.2412,5,0,0
3550,3,0,1.29,0,0.3148,2,0,0
2258,7,1,3.93,1,0.6832,5,3,1
2938,4,3,1.75,1,0.7319,3,2,1
1735,5,1,2.9,1,0.6055,4,0,0
1840,2,1,3.29,0,0.4574,5,1,0
122,1,0,1.57,1,0.4183,1,0,0
39,4,2,3.84,0,0.7189,4,2,1
2159,2,0,1.45,1,0.8125,1,0,0
3331,4,0,1.57,1,0.3804,4,1,1
1568,1,0,0.74,0,0.645,1,1,0
2185,5,0,2.44,0,0.2213,4,1,0
2279,4,1,1.56,0,0.9896,5,2,1
2531,0,0,0.12,0,0.0967,2,1,0
2965,4,2,3.23,0,0.7974,2,0,1
307,4,1,3.48,1,0.5254,3,3,1
606,6,2,4.68,1,0.6404,2,1,1
1149,4,2,3.04,0,0.848,2,1,1
3505,3,2,1.66,1,0.4881,3,1,1
3334,5,1,2.09,0,0.8583,4,1,1
1489,3,2,2.26,0,0.5894,1,0,0
2364,7,0,2.97,0,0.4216,2,2,1
1854,4,1,4.55,0,0.6305,3,1,1
1514,2,0,2.7,1,0.4761,3,1,0
1775,0,0,1.68,1,0.1803,1,1,1
1128,1,1,1.82,0,0.3068,1,0,0
3218,3,1,2.38,1,0.827,2,0,0
3492,7,1,2.47,0,0.4718,5,0,0
727,4,2,1.98,1,0.3563,4,3,1
448,2,2,3.33,1,0.893,6,1,1
3292,3,0,2.68,1,0.343,4,0,0
1366,4,1,2.23,1,0.4549,1,0,0
1680,3,2,1.88,1,0.5088,5,1,1
2616,2,3,4.38,1,0.9345,5,3,1
1428,3,0,1.83,1,0.382,1,0,0
3257,5,1,4.09,0,0.4216,2,1,1
1186,6,1,1.95,1,0.392,4,0,1
217,3,0,1.12,0,0.0205,2,0,0
3149,6,0,1.69,0,0.9973,3,1,0
1452,1,1,1.66,0,0.7258,1,1,0
1785,2,1,0.36,1,0.2025,2,0,1
2573,3,0,0.98,1,0.3389,1,0,0
1464,4,0,1.96,1,0.496,5,0,1
1238,2,1,1.71,1,0.8249,3,0,1
1895,6,1,1.58,0,0.8894,2,1,1
1357,0,0,1.52,0,0.5434,3,0,0
915,1,0,0.81,1,0.0247,2,0,0
3604,2,1,2.24,0,0.366,6,1,1
753,2,1,2.18,1,0.661,5,0,1
3049,1,0,1.93,0,0.3676,2,0,0
1127,5,1,4.12,1,0.8788,3,0,0
1240,0,0,2.32,0,0.0511,2,1,0
648,3,1,3.02,0,0.8269,5,0,0
2945,4,0,1.86,1,0.2232,3,0,0
1542,3,0,0.47,0,0.3901,3,0,0
1425,4,0,1.05,0,0.642,1,0,0
1325,3,3,4.15,1,0.5038,3,2,0
253,6,1,1.53,1,0.637,4,1,1
2861,5,1,4.76,1,0.4798,4,1,1
1777,4,1,0.5,0,0.4793,3,0,1
3171,4,1,3.03,0,0.6618,5,0,1
1442,2,0,1.45,0,0.069,2,0,0
2118,3,0,2.05,0,0.5554,1,0,0
2880,4,0,4.36,1,0.3986,6,0,1
2533,1,1,3.11,1,0.8527,3,1,1
3637,0,0,1.42,0,0.6946,3,1,0
2309,6,2,4.0,0,0.9877,5,1,1
530,2,0,0.27,0,0.1844,2,0,0
87,1,0,2.81,0,0.6061,4,1,1
3136,4,1,1.86,0,0.2533,4,0,0
1405,3,2,0.62,0,0.0273,2,0,0
3284,1,1,1.37,0,0.1925,4,0,0
1000,3,0,1.77,1,0.6424,1,0,0
1462,3,1,2.43,1,0.7084,3,1,0
221,2,1,1.83,0,0.2242,1,1,0
2264,3,0,3.86,1,0.3733,3,1,1
2043,2,1,3.4,0,0.9773,2,0,0
1575,3,0,0.53,0,0.3347,1,0,0
2493,3,2,3.15,1,0.5932,1,0,1
2986,7,2,4.15,1,0.9691,4,2,1
2327,6,1,4.67,1,0.9952,3,0,0
350,1,1,0.77,0,0.0482,2,0,0
2490,1,0,2.23,0,0.3484,2,0,0
1469,4,1,2.2,0,0.5847,1,0,1
736,4,2,2.34,1,0.4327,3,0,1
157,1,0,2.24,0,0.0506,3,0,0
66,7,2,4.29,1,0.3791,3,1,1
970,2,0,1.7,1,0.462,4,1,1
1372,3,1,0.97,1,0.2347,1,0,0
104,2,2,4.15,1,0.8576,6,2,1
2386,1,1,1.11,1,0.6369,1,2,1
2581,6,2,3.23,0,0.921,2,1,1
798,6,1,2.23,0,0.849,4,0,0
1822,7,3,2.79,0,0.7143,2,3,1
1715,3,1,4.21,0,0.6995,5,1,1
1399,4,0,2.79,1,0.4465,5,1,1
63,3,0,2.3,1,0.9546,2,0,0
299,3,1,3.2,1,0.6245,3,1,1
3378,2,0,1.6,1,0.053,3,1,0
3033,4,0,1.99,0,0.2876,5,2,1
2431,5,0,2.45,0,0.4789,5,1,0
2020,4,0,3.16,1,0.6803,5,0,0
171,1,0,0.72,1,0.2495,2,0,0
3626,1,0,2.39,1,0.57,1,0,0
3091,3,0,4.47,1,0.7009,3,0,1
2339,3,1,1.35,1,0.2353,1,0,1
2020,2,0,0.36,0,0.5082,2,1,1
641,5,0,1.92,1,0.6541,1,1,0
2888,6,1,4.26,1,0.9204,2,3,1
3572,2,1,1.42,0,0.7604,4,0,0
3510,7,2,1.41,0,0.7125,3,2,0
2584,6,1,2.59,1,0.9703,4,2,1
2580,3,0,1.41,0,0.1798,2,0,0
721,5,3,3.65,0,0.6088,3,2,1
1687,2,0,1.42,0,0.7882,4,0,0
1603,5,1,2.29,0,0.6656,3,1,1
2344,3,1,4.05,0,0.9794,6,1,1
3286,3,0,1.83,1,0.5798,3,0,0
643,4,0,1.87,0,0.1378,2,0,0
147,2,2,3.19,1,0.8644,2,0,1
1012,0,0,0.32,1,0.4984,1,1,1
2066,7,2,3.89,0,0.8327,6,1,1
795,6,2,4.07,1,0.8333,4,0,1
1930,5,1,1.72,1,0.7146,5,0,1
2035,7,1,2.67,1,0.4204,3,1,0
1952,6,0,2.46,0,0.7594,2,0,0
1023,2,0,3.5,1,0.82,6,2,1
3033,2,1,0.09,0,0.4571,1,0,0
2047,4,3,2.2,1,0.6639,6,2,1
2864,0,0,1.97,0,0.5661,1,0,0
2028,2,1,2.12,0,0.8057,4,0,0
3605,3,1,2.36,0,0.6377,2,0,0
1520,6,2,3.01,0,0.5646,3,0,1
734,3,1,4.78,0,0.806,3,1,0
1919,5,0,1.65,1,0.3195,1,2,0
2393,7,1,3.52,1,0.5156,6,1,1
886,4,0,3.32,0,0.6895,5,1,1
3306,4,0,1.23,0,0.5919,1,0,0
3582,0,0,2.33,0,0.3935,2,0,0
986,4,0,2.01,0,0.2791,3,0,0
680,7,2,3.82,1,0.7143,5,1,1
2670,3,0,3.04,1,0.7281,3,1,0
782,5,1,4.57,1,0.4773,4,1,1
1510,2,0,0.03,0,0.4925,3,0,0
2561,0,2,2.14,1,0.6971,3,0,0
3074,6,2,1.53,0,0.9313,3,2,0
3416,2,0,3.57,0,0.4134,6,0,0
1362,2,1,0.44,1,0.5472,2,0,1
2742,1,0,2.93,0,0.6967,1,0,0
1676,1,0,2.19,1,0.2472,3,0,0
2319,5,0,4.52,0,0.4062,4,1,1
890,2,0,2.28,1,0.2447,3,0,0
543,3,0,2.61,0,0.2553,3,0,0
1208,2,0,0.69,0,0.4424,2,0,0
698,2,3,3.39,0,0.7197,5,1,1
2865,4,0,1.93,0,0.3947,1,0,1
2696,2,0,1.96,0,0.5728,5,2,1
32,3,1,2.54,1,0.4151,4,1,0
3314,6,1,3.36,1,0.6096,3,0,1
1229,2,3,4.38,1,0.9356,6,0,1
2429,1,0,1.15,0,0.5976,5,0,0
1364,2,3,2.45,1,0.871,5,1,1
704,2,0,0.48,1,0.3387,3,0,0
1955,2,0,1.97,1,0.6741,4,1,1
392,3,0,1.98,0,0.5845,2,1,0
293,3,0,2.7,1,0.3163,5,0,0
6,5,1,1.78,0,0.3226,4,0,1
2678,3,1,2.37,1,0.8838,2,0,1
2119,0,0,0.21,0,0.094,2,1,0
1572,3,0,1.7,0,0.3284,1,0,0
3286,4,1,2.81,1,0.7831,3,0,0
3564,7,0,1.42,1,0.8099,4,0,0
198,5,1,1.81,1,0.5886,6,1,1
